	DockID	Predicted	Expected	Predicted_Bin	Expected_Bin
0	503	6.69849691216	17.0	0.0	0.0
1	503	19.13328437	0.0	0.0	1.0
2	503	-1.1198455861	0.0	1.0	1.0
3	503	0.0634089866276	1.0	1.0	1.0
4	503	1.6207048612	0.0	1.0	1.0
5	503	0.859871652162	1.0	1.0	1.0
6	503	2.41192107832	1.0	1.0	1.0
7	503	0.3674373933	1.0	1.0	1.0
8	503	0.865090883597	0.0	1.0	1.0
9	503	2.01892447999	0.0	1.0	1.0
10	503	0.785313617755	0.0	1.0	1.0
11	503	0.867916889006	0.0	1.0	1.0
12	503	0.964865454426	1.0	1.0	1.0
13	503	1.90592352139	3.0	1.0	1.0
14	503	3.98587526622	9.0	1.0	0.0
15	503	10.2733038746	8.0	0.0	0.0
16	503	8.49764691393	5.0	0.0	1.0
17	503	4.97368556032	3.0	1.0	1.0
18	503	3.08260821781	1.0	1.0	1.0
19	503	1.26828919517	2.0	1.0	1.0
20	503	2.76729725874	1.0	1.0	1.0
21	503	1.18904179765	3.0	1.0	1.0
22	503	3.11368513229	0.0	1.0	1.0
23	503	0.320844033694	2.0	1.0	1.0
24	503	2.94391772051	1.0	1.0	1.0
25	503	1.86308304362	1.0	1.0	1.0
26	503	1.82635951374	0.0	1.0	1.0
27	503	0.705736494804	0.0	1.0	1.0
28	503	0.702240687198	0.0	1.0	1.0
29	503	0.82777651653	1.0	1.0	1.0
30	503	2.11460673075	1.0	1.0	1.0
31	503	1.71842378862	0.0	1.0	1.0
32	503	0.768242165491	0.0	1.0	1.0
33	503	0.85426382842	0.0	1.0	1.0
34	503	0.967263867409	8.0	1.0	0.0
35	503	9.59911705065	2.0	0.0	1.0
36	503	2.191215798	0.0	1.0	1.0
37	503	0.196591481449	2.0	1.0	1.0
38	503	2.8157976428	8.0	1.0	0.0
39	503	9.30656984087	8.0	0.0	0.0
40	503	8.91156862861	5.0	0.0	1.0
41	503	4.56811633043	5.0	1.0	1.0
42	503	4.49786428086	0.0	1.0	1.0
43	503	0.433643240184	0.0	1.0	1.0
44	503	0.865436305625	1.0	1.0	1.0
45	503	1.48466590758	1.0	1.0	1.0
46	503	1.04116335589	1.0	1.0	1.0
47	503	1.67641633234	1.0	1.0	1.0
48	503	1.6803435532	0.0	1.0	1.0
49	503	0.720864185375	1.0	1.0	1.0
50	503	2.33102496653	1.0	1.0	1.0
51	503	1.83623310211	2.0	1.0	1.0
52	503	2.81422589739	4.0	1.0	1.0
53	503	4.92299535388	3.0	1.0	1.0
54	503	3.53114470228	2.0	1.0	1.0
55	503	2.55959204557	1.0	1.0	1.0
56	503	1.59261584443	2.0	1.0	1.0
57	503	2.72404888094	0.0	1.0	1.0
58	503	0.614478031507	0.0	1.0	1.0
59	503	0.56001629435	5.0	1.0	1.0
60	503	5.9827926091	6.0	1.0	0.0
61	503	6.79716893104	5.0	0.0	1.0
62	503	5.51251210825	2.0	1.0	1.0
63	503	2.08938735597	2.0	1.0	1.0
64	503	2.39248748305	0.0	1.0	1.0
65	503	0.809758175049	0.0	1.0	1.0
66	503	0.650841599802	0.0	1.0	1.0
67	503	0.274112624183	0.0	1.0	1.0
68	503	0.545113838426	0.0	1.0	1.0
69	503	0.915350797932	0.0	1.0	1.0
70	503	0.989962068957	0.0	1.0	1.0
71	503	0.909856604389	0.0	1.0	1.0
72	503	1.06214102119	0.0	1.0	1.0
73	503	0.917205340535	1.0	1.0	1.0
74	503	1.99646114033	0.0	1.0	1.0
75	503	0.806975109053	0.0	1.0	1.0
76	503	0.870738805156	1.0	1.0	1.0
77	503	1.97505039425	2.0	1.0	1.0
78	503	2.95704212327	0.0	1.0	1.0
79	503	0.691747082099	8.0	1.0	0.0
80	503	9.36922710582	4.0	0.0	1.0
81	503	4.24075728069	9.0	1.0	0.0
82	503	9.91292804603	13.0	0.0	0.0
83	503	13.6303577752	12.0	0.0	0.0
84	503	11.6863723763	11.0	0.0	0.0
85	503	10.9233861627	13.0	0.0	0.0
86	503	12.612393427	18.0	0.0	0.0
87	503	17.5500718008	16.0	0.0	0.0
88	503	15.5056301405	14.0	0.0	0.0
89	503	12.3154934445	15.0	0.0	0.0
90	503	13.6632639161	14.0	0.0	0.0
91	503	13.081472543	14.0	0.0	0.0
92	503	13.275781968	14.0	0.0	0.0
93	503	12.6715220602	14.0	0.0	0.0
94	503	12.4968361427	15.0	0.0	0.0
95	503	14.276050312	20.0	0.0	0.0
96	503	19.4642355437	29.0	0.0	0.0
97	503	28.4459111537	20.0	0.0	0.0
98	503	17.6569481307	21.0	0.0	0.0
99	503	19.1213520594	24.0	0.0	0.0
100	503	22.4612747045	20.0	0.0	0.0
101	503	18.0318599524	16.0	0.0	0.0
102	503	14.0362367039	20.0	0.0	0.0
103	503	17.5818554046	16.0	0.0	0.0
104	503	13.3754868048	0.0	0.0	1.0
105	503	-2.02179783504	1.0	1.0	1.0
106	503	-0.197943266675	0.0	1.0	1.0
107	503	-0.812078846153	0.0	1.0	1.0
108	503	0.672672955403	0.0	1.0	1.0
109	503	0.483048310882	2.0	1.0	1.0
110	503	1.55906540456	1.0	1.0	1.0
111	503	1.99967889909	0.0	1.0	1.0
112	503	1.8857850535	0.0	1.0	1.0
113	503	0.754039927138	0.0	1.0	1.0
114	503	0.948069316939	0.0	1.0	1.0
115	503	0.996755117784	0.0	1.0	1.0
116	503	0.836103406286	13.0	1.0	0.0
117	503	14.6861051073	25.0	0.0	0.0
118	503	26.5065482207	28.0	0.0	0.0
119	503	27.904380962	29.0	0.0	0.0
120	503	27.8192604662	27.0	0.0	0.0
121	503	24.9892522775	24.0	0.0	0.0
122	503	22.2858070203	11.0	0.0	0.0
123	503	8.28172002214	4.0	0.0	1.0
124	503	0.620812239877	0.0	1.0	1.0
125	503	-2.46985021641	2.0	1.0	1.0
126	503	1.26384558138	1.0	1.0	1.0
127	503	0.596391015485	1.0	1.0	1.0
128	503	0.674771719094	0.0	1.0	1.0
129	503	0.241433317876	0.0	1.0	1.0
130	503	1.44796840089	0.0	1.0	1.0
131	503	1.45538318376	0.0	1.0	1.0
132	503	1.12542389013	0.0	1.0	1.0
133	503	0.745729220379	0.0	1.0	1.0
134	503	0.929147405598	0.0	1.0	1.0
135	503	0.917110707421	1.0	1.0	1.0
136	503	2.07925621207	2.0	1.0	1.0
137	503	2.97351479926	7.0	1.0	0.0
138	503	8.22270684649	11.0	0.0	0.0
139	503	11.9183395013	7.0	0.0	0.0
140	503	6.90286576903	7.0	0.0	0.0
141	503	7.11602269063	1.0	0.0	1.0
142	503	0.614136620976	3.0	1.0	1.0
143	503	3.55488047999	5.0	1.0	1.0
144	503	5.65702779554	6.0	1.0	0.0
145	503	5.80108882352	3.0	1.0	1.0
146	503	2.69243496808	1.0	1.0	1.0
147	503	1.11410305931	0.0	1.0	1.0
148	503	0.497182628443	0.0	1.0	1.0
149	503	1.1988408654	2.0	1.0	1.0
150	503	2.80329163591	2.0	1.0	1.0
151	503	2.41578494505	1.0	1.0	1.0
152	503	1.4282572639	0.0	1.0	1.0
153	503	0.818451827417	0.0	1.0	1.0
154	503	0.94945568423	0.0	1.0	1.0
155	503	1.03517961858	0.0	1.0	1.0
156	503	0.873439960597	0.0	1.0	1.0
157	503	0.67860553195	0.0	1.0	1.0
158	503	0.842883155643	2.0	1.0	1.0
159	503	3.14785319044	3.0	1.0	1.0
160	503	4.01133985701	10.0	1.0	0.0
161	503	11.3055413009	4.0	0.0	1.0
162	503	3.95612851997	4.0	1.0	1.0
163	503	4.28313441777	9.0	1.0	0.0
164	503	9.85711057045	6.0	0.0	0.0
165	503	6.00875591449	2.0	0.0	1.0
166	503	1.99296171145	4.0	1.0	1.0
167	503	3.97813510348	1.0	1.0	1.0
168	503	0.534073784039	0.0	1.0	1.0
169	503	1.08136881677	0.0	1.0	1.0
170	503	0.436375502405	1.0	1.0	1.0
171	503	1.18940241212	0.0	1.0	1.0
172	503	1.01930034283	3.0	1.0	1.0
173	503	4.19216783268	0.0	1.0	1.0
174	503	0.320025185993	2.0	1.0	1.0
175	503	3.15596213986	2.0	1.0	1.0
176	503	2.90816760952	1.0	1.0	1.0
177	503	1.58768768801	1.0	1.0	1.0
178	503	1.81850068428	1.0	1.0	1.0
179	503	1.65627581371	0.0	1.0	1.0
180	503	0.562422984109	1.0	1.0	1.0
181	503	2.10541219783	0.0	1.0	1.0
182	503	0.526294200437	0.0	1.0	1.0
183	503	0.830004188497	5.0	1.0	1.0
184	503	6.33865076491	4.0	0.0	1.0
185	503	4.58985685501	0.0	1.0	1.0
186	503	0.311753432981	0.0	1.0	1.0
187	503	0.657426178471	3.0	1.0	1.0
188	503	3.90750972127	0.0	1.0	1.0
189	503	0.821872894622	2.0	1.0	1.0
190	503	2.8253512676	4.0	1.0	1.0
191	503	4.27944631083	5.0	1.0	1.0
192	503	5.77860770153	2.0	1.0	1.0
193	503	2.74695037223	0.0	1.0	1.0
194	503	0.187423722212	2.0	1.0	1.0
195	503	2.66919468103	2.0	1.0	1.0
196	503	3.00221482102	3.0	1.0	1.0
197	503	3.63469861361	8.0	1.0	0.0
198	503	8.68741475375	12.0	0.0	0.0
199	503	12.5302314802	12.0	0.0	0.0
200	503	12.3986168408	12.0	0.0	0.0
201	503	11.9355900373	12.0	0.0	0.0
202	503	11.501133996	12.0	0.0	0.0
203	503	11.749612613	14.0	0.0	0.0
204	503	13.6999879878	14.0	0.0	0.0
205	503	12.8898919045	18.0	0.0	0.0
206	503	17.1689152306	10.0	0.0	0.0
207	503	8.33479031123	16.0	0.0	0.0
208	503	15.4994630754	18.0	0.0	0.0
209	503	17.3160095125	25.0	0.0	0.0
210	503	24.3821607356	15.0	0.0	0.0
211	503	12.8103012326	8.0	0.0	0.0
212	503	5.43397386048	5.0	1.0	1.0
213	503	3.6821653477	1.0	1.0	1.0
214	503	0.714128333497	2.0	1.0	1.0
215	503	1.78811023001	8.0	1.0	0.0
216	503	7.87891902838	7.0	0.0	0.0
217	503	6.08343924028	6.0	0.0	0.0
218	503	6.54803599618	4.0	0.0	1.0
219	503	4.25164437122	5.0	1.0	1.0
220	503	5.5417143791	4.0	1.0	1.0
221	503	4.80950228269	4.0	1.0	1.0
222	503	4.14027658263	4.0	1.0	1.0
223	503	3.79366979397	7.0	1.0	0.0
224	503	7.50982569222	15.0	0.0	0.0
225	503	16.0022326069	18.0	0.0	0.0
226	503	18.2039307454	17.0	0.0	0.0
227	503	16.234564545	21.0	0.0	0.0
228	503	20.4847055275	23.0	0.0	0.0
229	503	22.1056173474	23.0	0.0	0.0
230	503	21.8743500752	23.0	0.0	0.0
231	503	21.1338903005	5.0	0.0	1.0
232	503	0.932226177163	0.0	1.0	1.0
233	503	-1.89965569792	0.0	1.0	1.0
234	503	-0.455141543711	1.0	1.0	1.0
235	503	0.666171722882	0.0	1.0	1.0
236	503	0.00271474411147	0.0	1.0	1.0
237	503	-0.535221783186	0.0	1.0	1.0
238	503	0.413343844903	0.0	1.0	1.0
239	503	2.17485326546	2.0	1.0	1.0
240	503	3.49172005061	5.0	1.0	1.0
241	503	6.02991964526	7.0	0.0	0.0
242	503	7.7507977951	5.0	0.0	1.0
243	503	5.35880798791	10.0	1.0	0.0
244	503	10.7283103614	17.0	0.0	0.0
245	503	17.8034846046	15.0	0.0	0.0
246	503	14.6653082854	14.0	0.0	0.0
247	503	13.2084734623	7.0	0.0	0.0
248	503	5.31435877084	3.0	1.0	1.0
249	503	2.16630981417	0.0	1.0	1.0
250	503	0.0312863950805	2.0	1.0	1.0
251	503	1.75823130612	0.0	1.0	1.0
252	503	-0.425450733469	0.0	1.0	1.0
253	503	0.252365206299	1.0	1.0	1.0
254	503	1.6261214111	1.0	1.0	1.0
255	503	2.12461484341	0.0	1.0	1.0
256	503	1.13457500667	1.0	1.0	1.0
257	503	2.03535211195	1.0	1.0	1.0
258	503	1.69542471468	1.0	1.0	1.0
259	503	2.025814916	4.0	1.0	1.0
260	503	5.05046625216	12.0	1.0	0.0
261	503	13.199168961	18.0	0.0	0.0
262	503	18.8312918506	24.0	0.0	0.0
263	503	24.2600531485	28.0	0.0	0.0
264	503	27.2956583294	27.0	0.0	0.0
265	503	25.4666920496	18.0	0.0	0.0
266	503	15.6393802201	24.0	0.0	0.0
267	503	22.5455655153	17.0	0.0	0.0
268	503	14.1092940309	9.0	0.0	0.0
269	503	6.10167016098	0.0	0.0	1.0
270	503	-2.7322490699	0.0	1.0	1.0
271	503	-1.61124262307	0.0	1.0	1.0
272	503	0.299607526487	2.0	1.0	1.0
273	503	2.70796246194	1.0	1.0	1.0
274	503	0.508778546599	0.0	1.0	1.0
275	503	0.544464953687	0.0	1.0	1.0
276	503	1.37951797887	0.0	1.0	1.0
277	503	1.53230909604	0.0	1.0	1.0
278	503	1.00821265448	1.0	1.0	1.0
279	503	1.92863587831	6.0	1.0	0.0
280	503	7.07052714395	13.0	0.0	0.0
281	503	14.3118755209	19.0	0.0	0.0
282	503	19.7775080667	22.0	0.0	0.0
283	503	21.859045086	17.0	0.0	0.0
284	503	15.6785954022	19.0	0.0	0.0
285	503	18.2143729986	12.0	0.0	0.0
286	503	10.4019079913	17.0	0.0	0.0
287	503	16.0331778261	17.0	0.0	0.0
288	503	15.4165551383	7.0	0.0	0.0
289	503	4.07861963237	1.0	1.0	1.0
290	503	-0.617913695683	3.0	1.0	1.0
291	503	2.71165846143	1.0	1.0	1.0
292	503	0.93598098625	4.0	1.0	1.0
293	503	4.98388862261	1.0	1.0	1.0
294	503	0.183369219279	3.0	1.0	1.0
295	503	3.29483138332	3.0	1.0	1.0
296	503	4.46459859102	4.0	1.0	1.0
297	503	4.9640655639	3.0	1.0	1.0
298	503	3.48879170962	2.0	1.0	1.0
299	503	2.39262456607	3.0	1.0	1.0
300	503	3.53015302899	9.0	1.0	0.0
301	503	10.2435325078	3.0	0.0	1.0
302	503	2.77609282088	11.0	1.0	0.0
303	503	11.8240548568	11.0	0.0	0.0
304	503	11.0356840883	11.0	0.0	0.0
305	503	10.9270678627	7.0	0.0	0.0
306	503	6.83811153624	2.0	0.0	1.0
307	503	0.885039710764	7.0	1.0	0.0
308	503	7.38875686816	3.0	0.0	1.0
309	503	3.19172910038	7.0	1.0	0.0
310	503	6.80793734394	1.0	0.0	1.0
311	503	0.511635254664	0.0	1.0	1.0
312	503	-0.104298226877	3.0	1.0	1.0
313	503	4.37366838453	1.0	1.0	1.0
314	503	1.59427179067	4.0	1.0	1.0
315	503	4.67560073383	4.0	1.0	1.0
316	503	4.58703268217	5.0	1.0	1.0
317	503	5.23014393668	5.0	1.0	1.0
318	503	6.06744878893	4.0	0.0	1.0
319	503	4.26981784567	4.0	1.0	1.0
320	503	4.29831247575	4.0	1.0	1.0
321	503	4.51902703748	4.0	1.0	1.0
322	503	4.19346261073	6.0	1.0	0.0
323	503	6.51437967557	4.0	0.0	1.0
324	503	4.02863935465	9.0	1.0	0.0
325	503	9.65718455702	6.0	0.0	0.0
326	503	6.04202876361	2.0	0.0	1.0
327	503	1.76134529319	5.0	1.0	1.0
328	503	5.57447089816	7.0	1.0	0.0
329	503	7.3524732239	0.0	0.0	1.0
330	503	-0.216425431796	0.0	1.0	1.0
331	503	0.31389141079	1.0	1.0	1.0
332	503	1.08366349173	4.0	1.0	1.0
333	503	5.27217075224	11.0	1.0	0.0
334	503	12.5450790868	21.0	0.0	0.0
335	503	21.4398975189	22.0	0.0	0.0
336	503	21.5550990394	20.0	0.0	0.0
337	503	19.4174001404	7.0	0.0	0.0
338	503	4.84656745053	5.0	1.0	1.0
339	503	4.06248421073	6.0	1.0	0.0
340	503	5.82474163038	5.0	1.0	1.0
341	503	4.06260566643	4.0	1.0	1.0
342	503	2.85133465612	3.0	1.0	1.0
343	503	2.1246477837	3.0	1.0	1.0
344	503	3.24412265284	4.0	1.0	1.0
345	503	5.45215614461	6.0	1.0	0.0
346	503	6.65377293473	7.0	0.0	0.0
347	503	7.27961922249	7.0	0.0	0.0
348	503	7.22971535727	5.0	0.0	1.0
349	503	5.05133624322	2.0	1.0	1.0
350	503	2.04321127067	10.0	1.0	0.0
351	503	11.0065054089	14.0	0.0	0.0
352	503	14.4503648148	16.0	0.0	0.0
353	503	15.7317794553	24.0	0.0	0.0
354	503	23.8243317781	16.0	0.0	0.0
355	503	14.1196856679	16.0	0.0	0.0
356	503	15.225004039	4.0	0.0	1.0
357	503	2.2891727294	3.0	1.0	1.0
358	503	1.50382334348	10.0	1.0	0.0
359	503	10.3005650305	10.0	0.0	0.0
360	503	9.13303388166	6.0	0.0	0.0
361	503	4.66317525082	4.0	1.0	1.0
362	503	3.50252473522	4.0	1.0	1.0
363	503	3.95938468339	4.0	1.0	1.0
364	503	5.4284176678	4.0	1.0	1.0
365	503	4.32501204836	8.0	1.0	0.0
366	503	7.86225416839	13.0	0.0	0.0
367	503	13.4528999854	16.0	0.0	0.0
368	503	16.3845953195	17.0	0.0	0.0
369	503	16.7047994629	19.0	0.0	0.0
370	503	18.322967251	19.0	0.0	0.0
371	503	18.1058689799	20.0	0.0	0.0
372	503	18.9962748544	20.0	0.0	0.0
373	503	18.3470902732	20.0	0.0	0.0
374	503	18.0205446493	2.0	0.0	1.0
375	503	-1.21957174897	0.0	1.0	1.0
376	503	-1.43226337653	0.0	1.0	1.0
377	503	-0.408185074808	2.0	1.0	1.0
378	503	2.24460081401	0.0	1.0	1.0
379	503	0.0821156013245	0.0	1.0	1.0
380	503	-0.460607957965	0.0	1.0	1.0
381	503	0.61992137241	0.0	1.0	1.0
382	503	2.16491220515	0.0	1.0	1.0
383	503	1.17642391943	0.0	1.0	1.0
384	503	0.831271080047	1.0	1.0	1.0
385	503	1.87083533345	0.0	1.0	1.0
386	503	0.983126599533	2.0	1.0	1.0
387	503	3.05345833289	10.0	1.0	0.0
388	503	11.4651741556	17.0	0.0	0.0
389	503	18.0332612299	8.0	0.0	0.0
390	503	7.23704458813	18.0	0.0	0.0
391	503	18.3487040653	14.0	0.0	0.0
392	503	13.2532406406	17.0	0.0	0.0
393	503	16.8144729081	11.0	0.0	0.0
394	503	9.85000877155	14.0	0.0	0.0
395	503	12.0996361604	4.0	0.0	1.0
396	503	2.45875427002	5.0	1.0	1.0
397	503	4.7455307349	3.0	1.0	1.0
398	503	2.13687360045	2.0	1.0	1.0
399	503	1.77970404047	1.0	1.0	1.0
400	503	1.14374290858	0.0	1.0	1.0
401	503	0.227453257996	0.0	1.0	1.0
402	503	0.477407516557	1.0	1.0	1.0
403	503	2.45587883426	2.0	1.0	1.0
404	503	2.76855421057	2.0	1.0	1.0
405	503	2.87693034685	1.0	1.0	1.0
406	503	1.69759195496	2.0	1.0	1.0
407	503	2.90651198464	5.0	1.0	1.0
408	503	6.10403275627	11.0	0.0	0.0
409	503	12.0941144948	18.0	0.0	0.0
410	503	18.6941857217	17.0	0.0	0.0
411	503	16.4872347216	20.0	0.0	0.0
412	503	19.4714332056	17.0	0.0	0.0
413	503	15.9694137662	11.0	0.0	0.0
414	503	9.49163680123	7.0	0.0	0.0
415	503	5.74415136327	4.0	1.0	1.0
416	503	2.47421205267	1.0	1.0	1.0
417	503	-0.00384603176015	0.0	1.0	1.0
418	503	-0.212841623712	4.0	1.0	1.0
419	503	4.05847958771	0.0	1.0	1.0
420	503	0.163916163613	1.0	1.0	1.0
421	503	1.86042210913	1.0	1.0	1.0
422	503	1.89494351717	3.0	1.0	1.0
423	503	4.04028030748	3.0	1.0	1.0
424	503	4.19910614543	3.0	1.0	1.0
425	503	3.48628347641	3.0	1.0	1.0
426	503	3.38749810291	4.0	1.0	1.0
427	503	4.9387956633	11.0	1.0	0.0
428	503	12.0688146887	22.0	0.0	0.0
429	503	23.0399905853	28.0	0.0	0.0
430	503	27.8196832067	27.0	0.0	0.0
431	503	25.5715420766	27.0	0.0	0.0
432	503	25.1190916778	20.0	0.0	0.0
433	503	17.6344859063	27.0	0.0	0.0
434	503	25.742858661	20.0	0.0	0.0
435	503	17.0623095063	15.0	0.0	0.0
436	503	11.2686822916	9.0	0.0	0.0
437	503	6.17373595458	2.0	0.0	1.0
438	503	-0.352765753653	1.0	1.0	1.0
439	503	0.517283879652	1.0	1.0	1.0
440	503	0.946997517251	2.0	1.0	1.0
441	503	1.45009268672	0.0	1.0	1.0
442	503	0.446226517665	0.0	1.0	1.0
443	503	0.563616177831	1.0	1.0	1.0
444	503	2.26179478876	0.0	1.0	1.0
445	503	1.28701180956	0.0	1.0	1.0
446	503	0.999143133859	0.0	1.0	1.0
447	503	0.816001629236	0.0	1.0	1.0
448	503	0.857111722401	4.0	1.0	1.0
449	503	5.43215299199	11.0	1.0	0.0
450	503	12.2798254554	13.0	0.0	0.0
451	503	13.4886393633	20.0	0.0	0.0
452	503	20.4941284937	24.0	0.0	0.0
453	503	23.7475522459	17.0	0.0	0.0
454	503	15.4816318977	20.0	0.0	0.0
455	503	19.1069491074	2.0	0.0	1.0
456	503	-0.891527318331	0.0	1.0	1.0
457	503	-1.55283992483	0.0	1.0	1.0
458	503	-0.148768163262	4.0	1.0	1.0
459	503	3.4580027697	5.0	1.0	1.0
460	503	5.25356380105	0.0	1.0	1.0
461	503	-0.570027462766	0.0	1.0	1.0
462	503	0.104731924919	2.0	1.0	1.0
463	503	4.22201012768	4.0	1.0	1.0
464	503	5.287898196	2.0	1.0	1.0
465	503	2.57202185854	0.0	1.0	1.0
466	503	-0.110875950698	2.0	1.0	1.0
467	503	2.79488889653	2.0	1.0	1.0
468	503	3.26013532945	2.0	1.0	1.0
469	503	2.81034767779	2.0	1.0	1.0
470	503	2.45105349595	3.0	1.0	1.0
471	503	3.5100471875	3.0	1.0	1.0
472	503	3.91963105153	4.0	1.0	1.0
473	503	4.82044507237	11.0	1.0	0.0
474	503	11.8969362323	17.0	0.0	0.0
475	503	17.7062382908	12.0	0.0	0.0
476	503	11.3998011533	10.0	0.0	0.0
477	503	9.22738877522	1.0	0.0	1.0
478	503	-0.130017797537	2.0	1.0	1.0
479	503	2.19851449245	2.0	1.0	1.0
480	503	2.48887324572	0.0	1.0	1.0
481	503	-0.636484690814	5.0	1.0	1.0
482	503	5.2701050393	7.0	1.0	0.0
483	503	7.5817454615	8.0	0.0	0.0
484	503	8.59318844473	11.0	0.0	0.0
485	503	12.0447869093	7.0	0.0	0.0
486	503	6.54682325225	9.0	0.0	0.0
487	503	9.24433985832	10.0	0.0	0.0
488	503	10.2315093263	4.0	0.0	1.0
489	503	3.02560388161	3.0	1.0	1.0
490	503	2.74582084853	4.0	1.0	1.0
491	503	3.9280146911	4.0	1.0	1.0
492	503	4.13938766202	6.0	1.0	0.0
493	503	6.73275019612	6.0	0.0	0.0
494	503	5.80869381148	6.0	1.0	0.0
495	503	6.07238052163	5.0	0.0	1.0
496	503	5.59599555084	4.0	1.0	1.0
497	503	4.20399246126	5.0	1.0	1.0
498	503	5.36705423727	7.0	1.0	0.0
499	503	7.42339936926	7.0	0.0	0.0
500	503	7.0516566277	3.0	0.0	1.0
501	503	2.75340395477	6.0	1.0	0.0
502	503	6.31858421288	2.0	0.0	1.0
503	503	2.14941831831	5.0	1.0	1.0
504	503	5.63972927791	1.0	1.0	1.0
505	503	1.07044726343	0.0	1.0	1.0
506	503	-0.034027022146	0.0	1.0	1.0
507	503	0.820470539218	3.0	1.0	1.0
508	503	4.04274628953	3.0	1.0	1.0
509	503	3.71206291185	3.0	1.0	1.0
510	503	3.69119701529	3.0	1.0	1.0
511	503	3.36635939183	10.0	1.0	0.0
512	503	11.3575713401	20.0	0.0	0.0
513	503	21.3099463114	18.0	0.0	0.0
514	503	17.5425022871	14.0	0.0	0.0
515	503	12.5485739358	21.0	0.0	0.0
516	503	20.5035890251	20.0	0.0	0.0
517	503	19.1633303368	24.0	0.0	0.0
518	503	23.175765474	18.0	0.0	0.0
519	503	15.1802080888	19.0	0.0	0.0
520	503	16.1960572066	3.0	0.0	1.0
521	503	0.735401555324	0.0	1.0	1.0
522	503	-1.37860880834	3.0	1.0	1.0
523	503	2.59987120104	4.0	1.0	1.0
524	503	3.78729720508	4.0	1.0	1.0
525	503	3.84267906583	4.0	1.0	1.0
526	503	3.7956448516	4.0	1.0	1.0
527	503	4.12147403513	18.0	1.0	0.0
528	503	20.6397386388	24.0	0.0	0.0
529	503	24.7089426465	28.0	0.0	0.0
530	503	27.0667459075	25.0	0.0	0.0
531	503	23.1070475226	24.0	0.0	0.0
532	503	21.868884646	28.0	0.0	0.0
533	503	26.8706295281	21.0	0.0	0.0
534	503	18.3738386867	21.0	0.0	0.0
535	503	17.5735798522	11.0	0.0	0.0
536	503	7.46640714137	2.0	0.0	1.0
537	503	-0.925171969203	2.0	1.0	1.0
538	503	1.35534427892	3.0	1.0	1.0
539	503	2.42765828535	2.0	1.0	1.0
540	503	1.58132451107	2.0	1.0	1.0
541	503	2.15553749602	4.0	1.0	1.0
542	503	4.14762458769	10.0	1.0	0.0
543	503	11.699717785	21.0	0.0	0.0
544	503	22.7815869819	20.0	0.0	0.0
545	503	19.5317669414	19.0	0.0	0.0
546	503	17.7799820154	19.0	0.0	0.0
547	503	17.9620864854	9.0	0.0	0.0
548	503	7.23822806149	7.0	0.0	0.0
549	503	5.93945326645	6.0	1.0	0.0
550	503	4.62023964638	7.0	1.0	0.0
551	503	5.67685922685	7.0	1.0	0.0
552	503	6.71968379985	5.0	0.0	1.0
553	503	4.18278613954	6.0	1.0	0.0
554	503	5.94565666544	6.0	1.0	0.0
555	503	6.79493191635	7.0	0.0	0.0
556	503	7.36255779277	8.0	0.0	0.0
557	503	8.21298156812	15.0	0.0	0.0
558	503	15.2935828688	14.0	0.0	0.0
559	503	13.7377204342	15.0	0.0	0.0
560	503	14.5245666171	12.0	0.0	0.0
561	503	11.0158777962	18.0	0.0	0.0
562	503	17.5997233752	16.0	0.0	0.0
563	503	15.2281924998	19.0	0.0	0.0
564	503	17.7538847105	19.0	0.0	0.0
565	503	17.2395808639	18.0	0.0	0.0
566	503	16.3176477789	22.0	0.0	0.0
567	503	20.9509732047	18.0	0.0	0.0
568	503	16.1732577822	19.0	0.0	0.0
569	503	16.9432787625	19.0	0.0	0.0
570	503	17.4589734249	18.0	0.0	0.0
571	503	15.9245397035	20.0	0.0	0.0
572	503	18.6136953102	20.0	0.0	0.0
573	503	18.153348476	20.0	0.0	0.0
574	503	17.9663357268	20.0	0.0	0.0
575	503	18.4763099349	23.0	0.0	0.0
576	503	21.2582216124	23.0	0.0	0.0
577	503	21.1966598725	23.0	0.0	0.0
578	503	20.9558462238	26.0	0.0	0.0
579	503	23.9041789847	26.0	0.0	0.0
580	503	23.742900364	16.0	0.0	0.0
581	503	12.9898552438	25.0	0.0	0.0
582	503	23.2701602309	29.0	0.0	0.0
583	503	27.0826076001	28.0	0.0	0.0
584	503	25.5600152933	28.0	0.0	0.0
585	503	25.2312122798	26.0	0.0	0.0
586	503	22.3924252037	24.0	0.0	0.0
587	503	21.6174909599	24.0	0.0	0.0
588	503	22.2576673106	22.0	0.0	0.0
589	503	18.5713771316	25.0	0.0	0.0
590	503	22.4387705094	25.0	0.0	0.0
591	503	22.6039226258	24.0	0.0	0.0
592	503	21.3653449916	24.0	0.0	0.0
593	503	21.7238438004	25.0	0.0	0.0
594	503	22.7492851106	25.0	0.0	0.0
595	503	22.7724220353	25.0	0.0	0.0
596	503	22.6801686071	28.0	0.0	0.0
597	503	25.4722161646	28.0	0.0	0.0
598	503	25.4761743448	25.0	0.0	0.0
599	503	22.2018655087	29.0	0.0	0.0
600	503	26.5814266074	29.0	0.0	0.0
601	503	26.2920092178	25.0	0.0	0.0
602	503	22.0049013232	24.0	0.0	0.0
603	503	21.0958810945	23.0	0.0	0.0
604	503	19.9770527129	14.0	0.0	0.0
605	503	11.1348813643	5.0	0.0	1.0
606	503	2.42821560574	4.0	1.0	1.0
607	503	2.08131941587	0.0	1.0	1.0
608	503	-0.918414275752	1.0	1.0	1.0
609	503	1.15087335422	1.0	1.0	1.0
610	503	0.92032114062	0.0	1.0	1.0
611	503	0.091400306557	0.0	1.0	1.0
612	503	1.36605977303	2.0	1.0	1.0
613	503	3.46763619503	0.0	1.0	1.0
614	503	0.865213083621	0.0	1.0	1.0
615	503	1.10341056598	0.0	1.0	1.0
616	503	0.785111662698	0.0	1.0	1.0
617	503	0.925181415996	4.0	1.0	1.0
618	503	5.37644632835	23.0	1.0	0.0
619	503	25.0355638941	26.0	0.0	0.0
620	503	26.2141041348	23.0	0.0	0.0
621	503	21.8357348809	26.0	0.0	0.0
622	503	24.6919252926	26.0	0.0	0.0
623	503	24.4403753266	27.0	0.0	0.0
624	503	25.8469182378	26.0	0.0	0.0
625	503	23.2552705772	0.0	0.0	1.0
626	503	-6.01269049118	3.0	1.0	1.0
627	503	1.22037985279	2.0	1.0	1.0
628	503	1.5668884636	0.0	1.0	1.0
629	503	-0.589527098063	1.0	1.0	1.0
630	503	1.02610797811	0.0	1.0	1.0
631	503	-0.977392860714	0.0	1.0	1.0
632	503	1.20371285912	0.0	1.0	1.0
633	503	2.66150614834	1.0	1.0	1.0
634	503	1.68162093907	0.0	1.0	1.0
635	503	0.986968197774	0.0	1.0	1.0
636	503	0.97770608598	6.0	1.0	0.0
637	503	7.27216875232	14.0	0.0	0.0
638	503	15.3946336767	17.0	0.0	0.0
639	503	17.4927942537	25.0	0.0	0.0
640	503	25.0956621881	27.0	0.0	0.0
641	503	26.1340240288	29.0	0.0	0.0
642	503	27.8670868096	29.0	0.0	0.0
643	503	27.1938708693	22.0	0.0	0.0
644	503	18.6486298052	22.0	0.0	0.0
645	503	19.2133211448	3.0	0.0	1.0
646	503	-0.798793398984	0.0	1.0	1.0
647	503	-2.55437170389	0.0	1.0	1.0
648	503	-0.831287940284	1.0	1.0	1.0
649	503	0.545823582383	2.0	1.0	1.0
650	503	2.34405869074	5.0	1.0	1.0
651	503	5.25393033676	5.0	1.0	1.0
652	503	5.61109464716	6.0	1.0	0.0
653	503	7.95044484076	7.0	0.0	0.0
654	503	7.73607048409	7.0	0.0	0.0
655	503	7.31631423072	7.0	0.0	0.0
656	503	7.20674849597	12.0	0.0	0.0
657	503	12.3060580428	19.0	0.0	0.0
658	503	19.2168666839	27.0	0.0	0.0
659	503	27.0119606462	28.0	0.0	0.0
660	503	26.7176750831	26.0	0.0	0.0
661	503	23.8612179386	26.0	0.0	0.0
662	503	24.0256799694	21.0	0.0	0.0
663	503	18.6154313787	22.0	0.0	0.0
664	503	19.6337939328	2.0	0.0	1.0
665	503	-2.11450539978	4.0	1.0	1.0
666	503	1.65086493438	0.0	1.0	1.0
667	503	-0.903576745678	5.0	1.0	1.0
668	503	5.00655797332	1.0	1.0	1.0
669	503	0.974052548718	5.0	1.0	1.0
670	503	4.85959351586	5.0	1.0	1.0
671	503	5.78788120961	5.0	1.0	1.0
672	503	6.63262727052	5.0	0.0	1.0
673	503	5.5233597395	5.0	1.0	1.0
674	503	5.39429589922	5.0	1.0	1.0
675	503	5.19872074311	4.0	1.0	1.0
676	503	4.47650261054	6.0	1.0	0.0
677	503	6.14077757134	18.0	0.0	0.0
678	503	19.0798200617	25.0	0.0	0.0
679	503	25.4018152226	23.0	0.0	0.0
680	503	21.8843266008	24.0	0.0	0.0
681	503	22.4586267264	26.0	0.0	0.0
682	503	24.5296404123	19.0	0.0	0.0
683	503	17.1216569376	13.0	0.0	0.0
684	503	10.4523863954	2.0	0.0	1.0
685	503	-1.53376636805	1.0	1.0	1.0
686	503	-0.637038215853	7.0	1.0	0.0
687	503	7.33070194103	10.0	0.0	0.0
688	503	9.71768625697	17.0	0.0	0.0
689	503	16.9111019917	5.0	0.0	1.0
690	503	3.85487101226	3.0	1.0	1.0
691	503	2.80583013628	3.0	1.0	1.0
692	503	4.19708080644	2.0	1.0	1.0
693	503	2.35160369442	2.0	1.0	1.0
694	503	2.15931732399	2.0	1.0	1.0
695	503	1.60465948296	3.0	1.0	1.0
696	503	3.17839021806	2.0	1.0	1.0
697	503	3.4176365893	4.0	1.0	1.0
698	503	4.83904965008	1.0	1.0	1.0
699	503	1.45505425093	2.0	1.0	1.0
700	503	2.71419236344	6.0	1.0	0.0
701	503	7.02561113592	2.0	0.0	1.0
702	503	2.28474748666	12.0	1.0	0.0
703	503	13.0766543341	14.0	0.0	0.0
704	503	14.4549741609	9.0	0.0	0.0
705	503	8.38354732989	12.0	0.0	0.0
706	503	12.1369811276	11.0	0.0	0.0
707	503	10.3596293072	11.0	0.0	0.0
708	503	10.7197369294	13.0	0.0	0.0
709	503	12.8200399924	10.0	0.0	0.0
710	503	8.25956849059	13.0	0.0	0.0
711	503	12.5673124083	12.0	0.0	0.0
712	503	11.6206105381	11.0	0.0	0.0
713	503	10.0356946215	11.0	0.0	0.0
714	503	10.4765425656	11.0	0.0	0.0
715	503	10.2443246423	11.0	0.0	0.0
716	503	10.4373572395	11.0	0.0	0.0
717	503	10.5331851944	11.0	0.0	0.0
718	503	10.1815825484	11.0	0.0	0.0
719	503	10.5125035601	9.0	0.0	0.0
720	503	8.38267065269	13.0	0.0	0.0
721	503	12.7336320935	11.0	0.0	0.0
722	503	10.3984383983	13.0	0.0	0.0
723	503	12.4721571607	17.0	0.0	0.0
724	503	16.6227103184	19.0	0.0	0.0
725	503	18.2329652355	19.0	0.0	0.0
726	503	18.0469908931	14.0	0.0	0.0
727	503	12.3208358506	14.0	0.0	0.0
728	503	12.4932364093	14.0	0.0	0.0
729	503	13.1808547727	10.0	0.0	0.0
730	503	8.55367318959	9.0	0.0	0.0
731	503	7.61447618344	10.0	0.0	0.0
732	503	9.00748115937	9.0	0.0	0.0
733	503	8.45926264293	7.0	0.0	0.0
734	503	6.7102514717	8.0	0.0	0.0
735	503	7.53716797127	8.0	0.0	0.0
736	503	7.82283559137	8.0	0.0	0.0
737	503	8.1475884915	8.0	0.0	0.0
738	503	7.84044148269	9.0	0.0	0.0
739	503	8.7718896876	20.0	0.0	0.0
740	503	20.66551513	22.0	0.0	0.0
741	503	21.78623739	18.0	0.0	0.0
742	503	16.4616694835	19.0	0.0	0.0
743	503	17.6112701948	25.0	0.0	0.0
744	503	24.0733558824	22.0	0.0	0.0
745	503	20.6209207762	27.0	0.0	0.0
746	503	25.1163224483	25.0	0.0	0.0
747	503	21.7679012583	14.0	0.0	0.0
748	503	10.8669231139	9.0	0.0	0.0
749	503	7.05667073479	21.0	0.0	0.0
750	503	20.0676101124	1.0	0.0	1.0
751	503	-1.57757974239	1.0	1.0	1.0
752	503	-0.230636186166	0.0	1.0	1.0
753	503	-1.11203357297	1.0	1.0	1.0
754	503	1.3667455309	1.0	1.0	1.0
755	503	2.9275020993	1.0	1.0	1.0
756	503	0.846756924143	1.0	1.0	1.0
757	503	1.16770030962	4.0	1.0	1.0
758	503	6.34434587532	14.0	0.0	0.0
759	503	15.4214833159	24.0	0.0	0.0
760	503	25.0116337523	16.0	0.0	0.0
761	503	14.9424639495	24.0	0.0	0.0
762	503	23.3239450222	29.0	0.0	0.0
763	503	28.2262914642	25.0	0.0	0.0
764	503	23.3313142153	23.0	0.0	0.0
765	503	20.6595998787	7.0	0.0	0.0
766	503	2.51922563718	0.0	1.0	1.0
767	503	-2.50323786186	1.0	1.0	1.0
768	503	0.884793736293	2.0	1.0	1.0
769	503	1.08139504121	2.0	1.0	1.0
770	503	1.70520769454	5.0	1.0	1.0
771	503	5.05661552912	6.0	1.0	0.0
772	503	6.61434520137	9.0	0.0	0.0
773	503	10.8937563633	9.0	0.0	0.0
774	503	9.78361072831	9.0	0.0	0.0
775	503	8.95121516024	10.0	0.0	0.0
776	503	10.0458032595	11.0	0.0	0.0
777	503	10.8792963979	18.0	0.0	0.0
778	503	17.9925439395	24.0	0.0	0.0
779	503	23.616309271	26.0	0.0	0.0
780	503	24.7056090201	24.0	0.0	0.0
781	503	22.1624889933	12.0	0.0	0.0
782	503	9.28090961385	17.0	0.0	0.0
783	503	15.7013066823	20.0	0.0	0.0
784	503	18.8729236591	18.0	0.0	0.0
785	503	15.7798543623	2.0	0.0	1.0
786	503	-1.26096585884	2.0	1.0	1.0
787	503	0.164235834559	2.0	1.0	1.0
788	503	2.37987198669	2.0	1.0	1.0
789	503	2.97821032945	1.0	1.0	1.0
790	503	0.667390724648	1.0	1.0	1.0
791	503	0.55389346648	0.0	1.0	1.0
792	503	1.05265635657	0.0	1.0	1.0
793	503	1.95048067226	2.0	1.0	1.0
794	503	3.02565892549	0.0	1.0	1.0
795	503	0.727710877182	10.0	1.0	0.0
796	503	11.4331341068	7.0	0.0	0.0
797	503	7.53712485175	16.0	0.0	0.0
798	503	16.7260809317	9.0	0.0	0.0
799	503	8.78507435246	8.0	0.0	0.0
800	503	7.40303785115	2.0	0.0	1.0
801	503	1.83217420893	8.0	1.0	0.0
802	503	8.09027649174	7.0	0.0	0.0
803	503	6.85599414255	4.0	0.0	1.0
804	503	3.44806542724	5.0	1.0	1.0
805	503	4.54240512866	8.0	1.0	0.0
806	503	8.65069756178	6.0	0.0	0.0
807	503	6.52281184617	8.0	0.0	0.0
808	503	8.43416318666	7.0	0.0	0.0
809	503	6.50221663336	5.0	0.0	1.0
810	503	5.06357289839	6.0	1.0	0.0
811	503	6.47277789184	7.0	0.0	0.0
812	503	6.99624328753	7.0	0.0	0.0
813	503	7.01056191618	7.0	0.0	0.0
814	503	7.10279222119	8.0	0.0	0.0
815	503	7.8804658023	12.0	0.0	0.0
816	503	12.3828343615	10.0	0.0	0.0
817	503	9.90756635515	10.0	0.0	0.0
818	503	9.53764275981	9.0	0.0	0.0
819	503	8.55166521874	10.0	0.0	0.0
820	503	9.75642369023	9.0	0.0	0.0
821	503	8.7783217366	0.0	0.0	1.0
822	503	-1.09847328859	1.0	1.0	1.0
823	503	0.710034950966	4.0	1.0	1.0
824	503	4.69356240796	11.0	1.0	0.0
825	503	11.8713964297	17.0	0.0	0.0
826	503	17.5220944893	16.0	0.0	0.0
827	503	15.1535956647	15.0	0.0	0.0
828	503	14.5109041693	16.0	0.0	0.0
829	503	16.0174760141	17.0	0.0	0.0
830	503	16.3259177976	18.0	0.0	0.0
831	503	16.8420396602	18.0	0.0	0.0
832	503	16.0244037547	18.0	0.0	0.0
833	503	16.1148285327	18.0	0.0	0.0
834	503	16.6671336302	20.0	0.0	0.0
835	503	18.7132167955	27.0	0.0	0.0
836	503	25.7756381482	25.0	0.0	0.0
837	503	22.921834799	22.0	0.0	0.0
838	503	19.47424149	25.0	0.0	0.0
839	503	22.9598820387	28.0	0.0	0.0
840	503	26.0749153651	27.0	0.0	0.0
841	503	24.748534118	27.0	0.0	0.0
842	503	23.9499143174	24.0	0.0	0.0
843	503	20.5515053243	22.0	0.0	0.0
844	503	19.5818870032	1.0	0.0	1.0
845	503	-2.33071867665	1.0	1.0	1.0
846	503	-1.12666045787	3.0	1.0	1.0
847	503	2.44018714586	3.0	1.0	1.0
848	503	2.72255810868	0.0	1.0	1.0
849	503	-0.177753176843	0.0	1.0	1.0
850	503	-0.346867873315	2.0	1.0	1.0
851	503	3.3514147064	3.0	1.0	1.0
852	503	5.42889336182	1.0	1.0	1.0
853	503	1.59314058763	1.0	1.0	1.0
854	503	1.46080945303	1.0	1.0	1.0
855	503	1.88803758833	0.0	1.0	1.0
856	503	1.07528179818	7.0	1.0	0.0
857	503	8.2549625816	25.0	0.0	0.0
858	503	26.4979168361	27.0	0.0	0.0
859	503	26.936942465	26.0	0.0	0.0
860	503	24.7639745791	28.0	0.0	0.0
861	503	26.3736310802	28.0	0.0	0.0
862	503	26.2645340302	21.0	0.0	0.0
863	503	18.8894750951	23.0	0.0	0.0
864	503	19.9004068848	22.0	0.0	0.0
865	503	18.2944528673	4.0	0.0	1.0
866	503	0.569015216545	2.0	1.0	1.0
867	503	0.178067548681	1.0	1.0	1.0
868	503	-0.178906535904	1.0	1.0	1.0
869	503	0.984182948049	0.0	1.0	1.0
870	503	0.592367341084	1.0	1.0	1.0
871	503	0.577852639639	2.0	1.0	1.0
872	503	3.0387467643	22.0	1.0	0.0
873	503	25.1756998571	24.0	0.0	0.0
874	503	24.4987862211	24.0	0.0	0.0
875	503	23.0557770407	11.0	0.0	0.0
876	503	9.01365322278	10.0	0.0	0.0
877	503	8.66629800259	1.0	0.0	1.0
878	503	0.525456105617	2.0	1.0	1.0
879	503	1.04302300311	4.0	1.0	1.0
880	503	2.68617303828	2.0	1.0	1.0
881	503	1.21154267231	6.0	1.0	0.0
882	503	6.73297638966	3.0	0.0	1.0
883	503	3.81380021368	3.0	1.0	1.0
884	503	3.65245014451	2.0	1.0	1.0
885	503	3.2415849893	3.0	1.0	1.0
886	503	3.41895208135	4.0	1.0	1.0
887	503	4.76259580481	13.0	1.0	0.0
888	503	13.9597592143	26.0	0.0	0.0
889	503	26.7516475173	25.0	0.0	0.0
890	503	24.4562582611	25.0	0.0	0.0
891	503	23.5441439173	24.0	0.0	0.0
892	503	22.2782250029	26.0	0.0	0.0
893	503	24.3704128774	23.0	0.0	0.0
894	503	20.9571221152	10.0	0.0	0.0
895	503	5.90278156453	9.0	1.0	0.0
896	503	6.05608616295	2.0	0.0	1.0
897	503	0.448867744691	2.0	1.0	1.0
898	503	1.33165805842	2.0	1.0	1.0
899	503	1.83251997136	1.0	1.0	1.0
900	503	0.429637776537	3.0	1.0	1.0
901	503	3.9706665923	10.0	1.0	0.0
902	503	11.6440045961	5.0	0.0	1.0
903	503	5.34382781601	5.0	1.0	1.0
904	503	5.65655937605	5.0	1.0	1.0
905	503	5.33991838553	5.0	1.0	1.0
906	503	5.39591123313	6.0	1.0	0.0
907	503	6.70768562042	3.0	0.0	1.0
908	503	2.59014602064	8.0	1.0	0.0
909	503	8.14626134327	15.0	0.0	0.0
910	503	16.0535973886	24.0	0.0	0.0
911	503	24.3461173713	23.0	0.0	0.0
912	503	22.1657533511	26.0	0.0	0.0
913	503	24.5291611025	27.0	0.0	0.0
914	503	25.5222960884	26.0	0.0	0.0
915	503	24.1532044287	27.0	0.0	0.0
916	503	24.5423063911	16.0	0.0	0.0
917	503	12.0999282381	2.0	0.0	1.0
918	503	-1.71648542235	6.0	1.0	0.0
919	503	4.84874269162	4.0	1.0	1.0
920	503	2.99008928035	2.0	1.0	1.0
921	503	1.41226123789	2.0	1.0	1.0
922	503	1.59035939311	3.0	1.0	1.0
923	503	2.92454025864	4.0	1.0	1.0
924	503	5.80653318584	1.0	1.0	1.0
925	503	2.18312875816	1.0	1.0	1.0
926	503	1.27335724358	1.0	1.0	1.0
927	503	1.94754376999	1.0	1.0	1.0
928	503	1.96665514756	1.0	1.0	1.0
929	503	1.84894240661	1.0	1.0	1.0
930	503	1.62011631007	0.0	1.0	1.0
931	503	0.796521613794	2.0	1.0	1.0
932	503	3.22104267732	2.0	1.0	1.0
933	503	2.9112874428	2.0	1.0	1.0
934	503	2.80261027623	2.0	1.0	1.0
935	503	2.80118073552	0.0	1.0	1.0
936	503	0.619337942337	3.0	1.0	1.0
937	503	4.09034712797	1.0	1.0	1.0
938	503	1.7589578341	0.0	1.0	1.0
939	503	0.534945739383	5.0	1.0	1.0
940	503	6.15147442527	3.0	0.0	1.0
941	503	3.58554998853	8.0	1.0	0.0
942	503	9.0198463593	1.0	0.0	1.0
943	503	1.14467386369	0.0	1.0	1.0
944	503	0.103194018537	0.0	1.0	1.0
945	503	1.13459649125	0.0	1.0	1.0
946	503	0.672232291057	0.0	1.0	1.0
947	503	0.770626562265	1.0	1.0	1.0
948	503	1.70176511966	1.0	1.0	1.0
949	503	1.68596999556	1.0	1.0	1.0
950	503	2.4174363289	1.0	1.0	1.0
951	503	1.98907266842	1.0	1.0	1.0
952	503	1.90357869059	1.0	1.0	1.0
953	503	1.93557945141	1.0	1.0	1.0
954	503	1.86293239491	10.0	1.0	0.0
955	503	11.2941832859	11.0	0.0	0.0
956	503	11.6819189794	19.0	0.0	0.0
957	503	19.4904827647	17.0	0.0	0.0
958	503	16.5858395328	21.0	0.0	0.0
959	503	20.2972652622	22.0	0.0	0.0
960	503	21.3529730805	29.0	0.0	0.0
961	503	27.6567996528	28.0	0.0	0.0
962	503	25.6898503686	25.0	0.0	0.0
963	503	21.9886694252	26.0	0.0	0.0
964	503	23.1727725017	23.0	0.0	0.0
965	503	20.3901682886	22.0	0.0	0.0
966	503	19.3600670635	8.0	0.0	0.0
967	503	4.59642499269	8.0	1.0	0.0
968	503	5.4228092068	8.0	1.0	0.0
969	503	7.14365356859	8.0	0.0	0.0
970	503	7.21225682895	9.0	0.0	0.0
971	503	8.45178819156	14.0	0.0	0.0
972	503	13.5125876257	22.0	0.0	0.0
973	503	22.3321017516	28.0	0.0	0.0
974	503	28.4282258404	27.0	0.0	0.0
975	503	25.3745108633	27.0	0.0	0.0
976	503	24.950155349	26.0	0.0	0.0
977	503	23.8378184426	21.0	0.0	0.0
978	503	18.3694901878	15.0	0.0	0.0
979	503	11.9353462313	16.0	0.0	0.0
980	503	13.2469950057	4.0	0.0	1.0
981	503	1.23159186498	0.0	1.0	1.0
982	503	-1.51348479984	1.0	1.0	1.0
983	503	0.564529797013	0.0	1.0	1.0
984	503	-0.0128025974376	0.0	1.0	1.0
985	503	0.945374535353	1.0	1.0	1.0
986	503	1.67417877673	7.0	1.0	0.0
987	503	8.16333582239	0.0	0.0	1.0
988	503	1.32329602956	4.0	1.0	1.0
989	503	5.00086861692	2.0	1.0	1.0
990	503	2.6781393828	2.0	1.0	1.0
991	503	2.67685561028	1.0	1.0	1.0
992	503	1.91006114526	0.0	1.0	1.0
993	503	0.177883414118	0.0	1.0	1.0
994	503	0.689066439165	1.0	1.0	1.0
995	503	2.29778360669	0.0	1.0	1.0
996	503	0.616200676547	1.0	1.0	1.0
997	503	2.06633686422	2.0	1.0	1.0
998	503	2.99415849905	3.0	1.0	1.0
999	503	4.0206578729	12.0	1.0	0.0
1000	503	13.3868922666	28.0	0.0	0.0
1001	503	29.2975046478	27.0	0.0	0.0
1002	503	26.4236050088	28.0	0.0	0.0
1003	503	26.5538420075	22.0	0.0	0.0
1004	503	19.7137040252	23.0	0.0	0.0
1005	503	21.0855135667	20.0	0.0	0.0
1006	503	18.126491502	9.0	0.0	0.0
1007	503	5.13662111229	19.0	1.0	0.0
1008	503	16.657175962	12.0	0.0	0.0
1009	503	10.1456363013	3.0	0.0	1.0
1010	503	1.05554072974	2.0	1.0	1.0
1011	503	1.48772631529	2.0	1.0	1.0
1012	503	1.40752021962	0.0	1.0	1.0
1013	503	0.856973977346	0.0	1.0	1.0
1014	503	0.777799529548	0.0	1.0	1.0
1015	503	-0.22690729992	0.0	1.0	1.0
1016	503	1.45342089584	0.0	1.0	1.0
1017	503	1.60248653963	1.0	1.0	1.0
1018	503	2.03827495147	13.0	1.0	0.0
1019	503	14.6423375232	25.0	0.0	0.0
1020	503	26.4047394895	27.0	0.0	0.0
1021	503	26.6942449983	29.0	0.0	0.0
1022	503	27.7720639764	25.0	0.0	0.0
1023	503	22.9324676674	22.0	0.0	0.0
1024	503	19.9919819005	25.0	0.0	0.0
1025	503	23.0775061212	24.0	0.0	0.0
1026	503	20.6129081932	21.0	0.0	0.0
1027	503	17.5084272726	19.0	0.0	0.0
1028	503	16.1758545065	17.0	0.0	0.0
1029	503	14.5639684379	13.0	0.0	0.0
1030	503	11.3359899251	13.0	0.0	0.0
1031	503	11.5284166772	12.0	0.0	0.0
1032	503	10.3758351626	12.0	0.0	0.0
1033	503	10.9446366456	12.0	0.0	0.0
1034	503	11.2600833697	11.0	0.0	0.0
1035	503	10.1462176233	11.0	0.0	0.0
1036	503	10.4891040444	11.0	0.0	0.0
1037	503	10.6162289452	12.0	0.0	0.0
1038	503	11.4747456057	14.0	0.0	0.0
1039	503	13.5792841907	24.0	0.0	0.0
1040	503	23.8019835434	15.0	0.0	0.0
1041	503	13.4680356775	17.0	0.0	0.0
1042	503	15.6870470106	15.0	0.0	0.0
1043	503	13.7789647901	11.0	0.0	0.0
1044	503	9.52119774865	12.0	0.0	0.0
1045	503	11.2409288826	13.0	0.0	0.0
1046	503	11.4702664727	12.0	0.0	0.0
1047	503	10.5807867204	14.0	0.0	0.0
1048	503	13.7765960219	0.0	0.0	1.0
1049	503	-1.78079760278	0.0	1.0	1.0
1050	503	-0.288210299646	11.0	1.0	0.0
1051	503	12.15519148	12.0	0.0	0.0
1052	503	12.0860556803	14.0	0.0	0.0
1053	503	13.8418255199	17.0	0.0	0.0
1054	503	16.1983505554	16.0	0.0	0.0
1055	503	15.3901930376	14.0	0.0	0.0
1056	503	14.3724892291	14.0	0.0	0.0
1057	503	12.851101621	14.0	0.0	0.0
1058	503	12.3185206916	14.0	0.0	0.0
1059	503	12.9938194603	13.0	0.0	0.0
1060	503	11.6969408962	12.0	0.0	0.0
1061	503	10.7012180079	13.0	0.0	0.0
1062	503	12.2799324911	13.0	0.0	0.0
1063	503	12.3173537771	9.0	0.0	0.0
1064	503	7.9530650992	11.0	0.0	0.0
1065	503	10.3424904227	12.0	0.0	0.0
1066	503	11.4887085119	10.0	0.0	0.0
1067	503	9.40560194337	9.0	0.0	0.0
1068	503	8.41182839049	12.0	0.0	0.0
1069	503	11.469593175	8.0	0.0	0.0
1070	503	7.49952375977	3.0	0.0	1.0
1071	503	2.54894194538	5.0	1.0	1.0
1072	503	4.74167629183	9.0	1.0	0.0
1073	503	9.26254496679	9.0	0.0	0.0
1074	503	9.31280850549	7.0	0.0	0.0
1075	503	6.6410606415	6.0	0.0	0.0
1076	503	5.54448571906	11.0	1.0	0.0
1077	503	11.7416021281	14.0	0.0	0.0
1078	503	14.5747216144	4.0	0.0	1.0
1079	503	2.88019487605	2.0	1.0	1.0
1080	503	1.22136095838	7.0	1.0	0.0
